RunId,iteration,Step,env_type,threshold_mean,threshold_std,observation_radius,n_agents,repression_step,instigator_threshold,dispersal_duration,cell_capacity,max_steps,seed,Mobilized,Dispersing,Sheltered,Demobilized,MobilizedProportion
0,0,99,kampung,0.25,0.1,0,200,1,0.15,3,15,100,,54,0,113,33,0.27
1,0,99,kampung,0.25,0.1,0,200,1,0.15,3,15,100,,75,0,91,34,0.375
2,0,99,kampung,0.25,0.1,0,200,1,0.15,3,15,100,,81,0,87,32,0.405
3,0,99,kampung,0.25,0.1,0,200,1,0.15,3,15,100,,79,0,97,24,0.395
4,0,99,kampung,0.25,0.1,0,200,1,0.15,3,15,100,,106,0,72,22,0.53
5,0,99,kampung,0.25,0.1,0,200,1,0.15,3,15,100,,60,0,107,33,0.3
6,0,99,kampung,0.25,0.1,0,200,1,0.15,3,15,100,,77,0,88,35,0.385
7,0,99,kampung,0.25,0.1,0,200,1,0.15,3,15,100,,51,0,108,41,0.255
8,0,99,kampung,0.25,0.1,0,200,1,0.15,3,15,100,,72,0,98,30,0.36
9,0,99,kampung,0.25,0.1,0,200,1,0.15,3,15,100,,62,0,101,37,0.31
10,0,99,kampung,0.25,0.1,1,200,1,0.15,3,15,100,,99,0,69,32,0.495
11,0,6,kampung,0.25,0.1,1,200,1,0.15,3,15,100,,126,0,44,30,0.63
12,0,11,kampung,0.25,0.1,1,200,1,0.15,3,15,100,,138,0,23,39,0.69
13,0,99,kampung,0.25,0.1,1,200,1,0.15,3,15,100,,163,0,2,35,0.815
14,0,8,kampung,0.25,0.1,1,200,1,0.15,3,15,100,,148,0,17,35,0.74
15,0,99,kampung,0.25,0.1,1,200,1,0.15,3,15,100,,40,0,117,43,0.2
16,0,10,kampung,0.25,0.1,1,200,1,0.15,3,15,100,,161,0,17,22,0.805
17,0,99,kampung,0.25,0.1,1,200,1,0.15,3,15,100,,100,0,65,35,0.5
18,0,99,kampung,0.25,0.1,1,200,1,0.15,3,15,100,,147,0,22,31,0.735
19,0,99,kampung,0.25,0.1,1,200,1,0.15,3,15,100,,79,0,84,37,0.395
20,0,99,kampung,0.25,0.15,0,200,1,0.15,3,15,100,,92,0,71,37,0.46
21,0,99,kampung,0.25,0.15,0,200,1,0.15,3,15,100,,91,0,68,41,0.455
22,0,99,kampung,0.25,0.15,0,200,1,0.15,3,15,100,,105,0,70,25,0.525
23,0,99,kampung,0.25,0.15,0,200,1,0.15,3,15,100,,124,0,44,32,0.62
24,0,99,kampung,0.25,0.15,0,200,1,0.15,3,15,100,,123,0,55,22,0.615
25,0,99,kampung,0.25,0.15,0,200,1,0.15,3,15,100,,127,0,46,27,0.635
26,0,99,kampung,0.25,0.15,0,200,1,0.15,3,15,100,,108,0,54,38,0.54
27,0,99,kampung,0.25,0.15,0,200,1,0.15,3,15,100,,125,0,49,26,0.625
28,0,99,kampung,0.25,0.15,0,200,1,0.15,3,15,100,,92,0,70,38,0.46
29,0,99,kampung,0.25,0.15,0,200,1,0.15,3,15,100,,107,0,54,39,0.535
30,0,6,kampung,0.25,0.15,1,200,1,0.15,3,15,100,,168,0,1,31,0.84
31,0,99,kampung,0.25,0.15,1,200,1,0.15,3,15,100,,168,0,1,31,0.84
32,0,99,kampung,0.25,0.15,1,200,1,0.15,3,15,100,,157,0,4,39,0.785
33,0,6,kampung,0.25,0.15,1,200,1,0.15,3,15,100,,163,0,8,29,0.815
34,0,5,kampung,0.25,0.15,1,200,1,0.15,3,15,100,,159,0,13,28,0.795
35,0,99,kampung,0.25,0.15,1,200,1,0.15,3,15,100,,167,0,2,31,0.835
36,0,10,kampung,0.25,0.15,1,200,1,0.15,3,15,100,,172,0,1,27,0.86
37,0,8,kampung,0.25,0.15,1,200,1,0.15,3,15,100,,161,0,3,36,0.805
38,0,99,kampung,0.25,0.15,1,200,1,0.15,3,15,100,,121,0,40,39,0.605
39,0,10,kampung,0.25,0.15,1,200,1,0.15,3,15,100,,141,0,24,35,0.705
40,0,99,kampung,0.25,0.2,0,200,1,0.15,3,15,100,,80,0,86,34,0.4
41,0,99,kampung,0.25,0.2,0,200,1,0.15,3,15,100,,132,0,34,34,0.66
42,0,99,kampung,0.25,0.2,0,200,1,0.15,3,15,100,,99,0,62,39,0.495
43,0,99,kampung,0.25,0.2,0,200,1,0.15,3,15,100,,117,0,46,37,0.585
44,0,99,kampung,0.25,0.2,0,200,1,0.15,3,15,100,,117,0,55,28,0.585
45,0,99,kampung,0.25,0.2,0,200,1,0.15,3,15,100,,139,0,27,34,0.695
46,0,99,kampung,0.25,0.2,0,200,1,0.15,3,15,100,,110,0,60,30,0.55
47,0,99,kampung,0.25,0.2,0,200,1,0.15,3,15,100,,99,0,69,32,0.495
48,0,99,kampung,0.25,0.2,0,200,1,0.15,3,15,100,,130,0,34,36,0.65
49,0,99,kampung,0.25,0.2,0,200,1,0.15,3,15,100,,114,0,44,42,0.57
50,0,99,kampung,0.25,0.2,1,200,1,0.15,3,15,100,,162,0,1,37,0.81
51,0,99,kampung,0.25,0.2,1,200,1,0.15,3,15,100,,165,0,5,30,0.825
52,0,6,kampung,0.25,0.2,1,200,1,0.15,3,15,100,,163,0,8,29,0.815
53,0,99,kampung,0.25,0.2,1,200,1,0.15,3,15,100,,162,0,1,37,0.81
54,0,9,kampung,0.25,0.2,1,200,1,0.15,3,15,100,,166,0,1,33,0.83
55,0,99,kampung,0.25,0.2,1,200,1,0.15,3,15,100,,166,0,1,33,0.83
56,0,99,kampung,0.25,0.2,1,200,1,0.15,3,15,100,,157,0,2,41,0.785
57,0,10,kampung,0.25,0.2,1,200,1,0.15,3,15,100,,165,0,4,31,0.825
58,0,99,kampung,0.25,0.2,1,200,1,0.15,3,15,100,,137,0,31,32,0.685
59,0,99,kampung,0.25,0.2,1,200,1,0.15,3,15,100,,163,0,1,36,0.815
60,0,99,kampung,0.3,0.1,0,200,1,0.15,3,15,100,,21,0,157,22,0.105
61,0,99,kampung,0.3,0.1,0,200,1,0.15,3,15,100,,14,0,160,26,0.07
62,0,99,kampung,0.3,0.1,0,200,1,0.15,3,15,100,,10,0,149,41,0.05
63,0,99,kampung,0.3,0.1,0,200,1,0.15,3,15,100,,36,0,137,27,0.18
64,0,99,kampung,0.3,0.1,0,200,1,0.15,3,15,100,,48,0,121,31,0.24
65,0,99,kampung,0.3,0.1,0,200,1,0.15,3,15,100,,19,0,159,22,0.095
66,0,99,kampung,0.3,0.1,0,200,1,0.15,3,15,100,,10,0,157,33,0.05
67,0,99,kampung,0.3,0.1,0,200,1,0.15,3,15,100,,13,0,155,32,0.065
68,0,99,kampung,0.3,0.1,0,200,1,0.15,3,15,100,,33,0,132,35,0.165
69,0,99,kampung,0.3,0.1,0,200,1,0.15,3,15,100,,18,0,149,33,0.09
70,0,99,kampung,0.3,0.1,1,200,1,0.15,3,15,100,,15,0,147,38,0.075
71,0,99,kampung,0.3,0.1,1,200,1,0.15,3,15,100,,17,0,156,27,0.085
72,0,99,kampung,0.3,0.1,1,200,1,0.15,3,15,100,,15,0,151,34,0.075
73,0,99,kampung,0.3,0.1,1,200,1,0.15,3,15,100,,37,0,126,37,0.185
74,0,99,kampung,0.3,0.1,1,200,1,0.15,3,15,100,,18,0,155,27,0.09
75,0,99,kampung,0.3,0.1,1,200,1,0.15,3,15,100,,12,0,160,28,0.06
76,0,99,kampung,0.3,0.1,1,200,1,0.15,3,15,100,,7,0,157,36,0.035
77,0,99,kampung,0.3,0.1,1,200,1,0.15,3,15,100,,9,0,154,37,0.045
78,0,99,kampung,0.3,0.1,1,200,1,0.15,3,15,100,,14,0,154,32,0.07
79,0,99,kampung,0.3,0.1,1,200,1,0.15,3,15,100,,23,0,146,31,0.115
80,0,99,kampung,0.3,0.15,0,200,1,0.15,3,15,100,,83,0,80,37,0.415
81,0,99,kampung,0.3,0.15,0,200,1,0.15,3,15,100,,76,0,85,39,0.38
82,0,99,kampung,0.3,0.15,0,200,1,0.15,3,15,100,,62,0,97,41,0.31
83,0,99,kampung,0.3,0.15,0,200,1,0.15,3,15,100,,39,0,125,36,0.195
84,0,99,kampung,0.3,0.15,0,200,1,0.15,3,15,100,,47,0,111,42,0.235
85,0,99,kampung,0.3,0.15,0,200,1,0.15,3,15,100,,65,0,101,34,0.325
86,0,99,kampung,0.3,0.15,0,200,1,0.15,3,15,100,,75,0,101,24,0.375
87,0,99,kampung,0.3,0.15,0,200,1,0.15,3,15,100,,61,0,111,28,0.305
88,0,99,kampung,0.3,0.15,0,200,1,0.15,3,15,100,,57,0,101,42,0.285
89,0,99,kampung,0.3,0.15,0,200,1,0.15,3,15,100,,80,0,74,46,0.4
90,0,99,kampung,0.3,0.15,1,200,1,0.15,3,15,100,,21,0,148,31,0.105
91,0,99,kampung,0.3,0.15,1,200,1,0.15,3,15,100,,170,0,3,27,0.85
92,0,99,kampung,0.3,0.15,1,200,1,0.15,3,15,100,,177,0,1,22,0.885
93,0,99,kampung,0.3,0.15,1,200,1,0.15,3,15,100,,93,0,69,38,0.465
94,0,99,kampung,0.3,0.15,1,200,1,0.15,3,15,100,,115,0,55,30,0.575
95,0,99,kampung,0.3,0.15,1,200,1,0.15,3,15,100,,94,0,68,38,0.47
96,0,99,kampung,0.3,0.15,1,200,1,0.15,3,15,100,,66,0,104,30,0.33
97,0,10,kampung,0.3,0.15,1,200,1,0.15,3,15,100,,178,0,1,21,0.89
98,0,13,kampung,0.3,0.15,1,200,1,0.15,3,15,100,,169,0,5,26,0.845
99,0,99,kampung,0.3,0.15,1,200,1,0.15,3,15,100,,123,0,46,31,0.615
100,0,99,kampung,0.3,0.2,0,200,1,0.15,3,15,100,,54,0,106,40,0.27
101,0,99,kampung,0.3,0.2,0,200,1,0.15,3,15,100,,69,0,96,35,0.345
102,0,99,kampung,0.3,0.2,0,200,1,0.15,3,15,100,,95,0,67,38,0.475
103,0,99,kampung,0.3,0.2,0,200,1,0.15,3,15,100,,93,0,71,36,0.465
104,0,99,kampung,0.3,0.2,0,200,1,0.15,3,15,100,,101,0,78,21,0.505
105,0,99,kampung,0.3,0.2,0,200,1,0.15,3,15,100,,60,0,106,34,0.3
106,0,99,kampung,0.3,0.2,0,200,1,0.15,3,15,100,,100,0,66,34,0.5
107,0,99,kampung,0.3,0.2,0,200,1,0.15,3,15,100,,89,0,82,29,0.445
108,0,99,kampung,0.3,0.2,0,200,1,0.15,3,15,100,,82,0,82,36,0.41
109,0,99,kampung,0.3,0.2,0,200,1,0.15,3,15,100,,96,0,77,27,0.48
110,0,99,kampung,0.3,0.2,1,200,1,0.15,3,15,100,,126,0,40,34,0.63
111,0,99,kampung,0.3,0.2,1,200,1,0.15,3,15,100,,145,0,10,45,0.725
112,0,99,kampung,0.3,0.2,1,200,1,0.15,3,15,100,,167,0,2,31,0.835
113,0,99,kampung,0.3,0.2,1,200,1,0.15,3,15,100,,175,0,2,23,0.875
114,0,10,kampung,0.3,0.2,1,200,1,0.15,3,15,100,,172,0,3,25,0.86
115,0,99,kampung,0.3,0.2,1,200,1,0.15,3,15,100,,129,0,41,30,0.645
116,0,99,kampung,0.3,0.2,1,200,1,0.15,3,15,100,,171,0,2,27,0.855
117,0,99,kampung,0.3,0.2,1,200,1,0.15,3,15,100,,168,0,2,30,0.84
118,0,99,kampung,0.3,0.2,1,200,1,0.15,3,15,100,,36,0,123,41,0.18
119,0,99,kampung,0.3,0.2,1,200,1,0.15,3,15,100,,125,0,39,36,0.625
120,0,99,kampung,0.35,0.1,0,200,1,0.15,3,15,100,,2,0,163,35,0.01
121,0,99,kampung,0.35,0.1,0,200,1,0.15,3,15,100,,8,0,157,35,0.04
122,0,99,kampung,0.35,0.1,0,200,1,0.15,3,15,100,,7,0,156,37,0.035
123,0,99,kampung,0.35,0.1,0,200,1,0.15,3,15,100,,6,0,164,30,0.03
124,0,99,kampung,0.35,0.1,0,200,1,0.15,3,15,100,,11,0,152,37,0.055
125,0,99,kampung,0.35,0.1,0,200,1,0.15,3,15,100,,8,0,155,37,0.04
126,0,99,kampung,0.35,0.1,0,200,1,0.15,3,15,100,,8,0,156,36,0.04
127,0,99,kampung,0.35,0.1,0,200,1,0.15,3,15,100,,2,0,170,28,0.01
128,0,99,kampung,0.35,0.1,0,200,1,0.15,3,15,100,,10,0,156,34,0.05
129,0,99,kampung,0.35,0.1,0,200,1,0.15,3,15,100,,4,0,168,28,0.02
130,0,99,kampung,0.35,0.1,1,200,1,0.15,3,15,100,,4,0,173,23,0.02
131,0,99,kampung,0.35,0.1,1,200,1,0.15,3,15,100,,5,0,159,36,0.025
132,0,99,kampung,0.35,0.1,1,200,1,0.15,3,15,100,,9,0,162,29,0.045
133,0,99,kampung,0.35,0.1,1,200,1,0.15,3,15,100,,2,0,164,34,0.01
134,0,99,kampung,0.35,0.1,1,200,1,0.15,3,15,100,,4,0,172,24,0.02
135,0,99,kampung,0.35,0.1,1,200,1,0.15,3,15,100,,5,0,171,24,0.025
136,0,99,kampung,0.35,0.1,1,200,1,0.15,3,15,100,,3,0,157,40,0.015
137,0,99,kampung,0.35,0.1,1,200,1,0.15,3,15,100,,4,0,170,26,0.02
138,0,99,kampung,0.35,0.1,1,200,1,0.15,3,15,100,,3,0,171,26,0.015
139,0,99,kampung,0.35,0.1,1,200,1,0.15,3,15,100,,1,0,165,34,0.005
140,0,99,kampung,0.35,0.15,0,200,1,0.15,3,15,100,,22,0,145,33,0.11
141,0,99,kampung,0.35,0.15,0,200,1,0.15,3,15,100,,28,0,130,42,0.14
142,0,99,kampung,0.35,0.15,0,200,1,0.15,3,15,100,,35,0,137,28,0.175
143,0,99,kampung,0.35,0.15,0,200,1,0.15,3,15,100,,30,0,136,34,0.15
144,0,99,kampung,0.35,0.15,0,200,1,0.15,3,15,100,,16,0,152,32,0.08
145,0,99,kampung,0.35,0.15,0,200,1,0.15,3,15,100,,40,0,135,25,0.2
146,0,99,kampung,0.35,0.15,0,200,1,0.15,3,15,100,,16,0,156,28,0.08
147,0,99,kampung,0.35,0.15,0,200,1,0.15,3,15,100,,28,0,147,25,0.14
148,0,99,kampung,0.35,0.15,0,200,1,0.15,3,15,100,,38,0,135,27,0.19
149,0,99,kampung,0.35,0.15,0,200,1,0.15,3,15,100,,19,0,135,46,0.095
150,0,99,kampung,0.35,0.15,1,200,1,0.15,3,15,100,,15,0,156,29,0.075
151,0,99,kampung,0.35,0.15,1,200,1,0.15,3,15,100,,15,0,151,34,0.075
152,0,99,kampung,0.35,0.15,1,200,1,0.15,3,15,100,,13,0,154,33,0.065
153,0,99,kampung,0.35,0.15,1,200,1,0.15,3,15,100,,25,0,134,41,0.125
154,0,99,kampung,0.35,0.15,1,200,1,0.15,3,15,100,,14,0,146,40,0.07
155,0,99,kampung,0.35,0.15,1,200,1,0.15,3,15,100,,24,0,141,35,0.12
156,0,99,kampung,0.35,0.15,1,200,1,0.15,3,15,100,,32,0,140,28,0.16
157,0,99,kampung,0.35,0.15,1,200,1,0.15,3,15,100,,12,0,163,25,0.06
158,0,99,kampung,0.35,0.15,1,200,1,0.15,3,15,100,,52,0,112,36,0.26
159,0,99,kampung,0.35,0.15,1,200,1,0.15,3,15,100,,13,0,160,27,0.065
160,0,99,kampung,0.35,0.2,0,200,1,0.15,3,15,100,,40,0,123,37,0.2
161,0,99,kampung,0.35,0.2,0,200,1,0.15,3,15,100,,49,0,115,36,0.245
162,0,99,kampung,0.35,0.2,0,200,1,0.15,3,15,100,,59,0,105,36,0.295
163,0,99,kampung,0.35,0.2,0,200,1,0.15,3,15,100,,78,0,98,24,0.39
164,0,99,kampung,0.35,0.2,0,200,1,0.15,3,15,100,,33,0,122,45,0.165
165,0,99,kampung,0.35,0.2,0,200,1,0.15,3,15,100,,41,0,126,33,0.205
166,0,99,kampung,0.35,0.2,0,200,1,0.15,3,15,100,,68,0,98,34,0.34
167,0,99,kampung,0.35,0.2,0,200,1,0.15,3,15,100,,42,0,126,32,0.21
168,0,99,kampung,0.35,0.2,0,200,1,0.15,3,15,100,,67,0,102,31,0.335
169,0,99,kampung,0.35,0.2,0,200,1,0.15,3,15,100,,73,0,98,29,0.365
170,0,99,kampung,0.35,0.2,1,200,1,0.15,3,15,100,,92,0,74,34,0.46
171,0,99,kampung,0.35,0.2,1,200,1,0.15,3,15,100,,76,0,77,47,0.38
172,0,99,kampung,0.35,0.2,1,200,1,0.15,3,15,100,,28,0,133,39,0.14
173,0,99,kampung,0.35,0.2,1,200,1,0.15,3,15,100,,51,0,116,33,0.255
174,0,99,kampung,0.35,0.2,1,200,1,0.15,3,15,100,,25,0,137,38,0.125
175,0,99,kampung,0.35,0.2,1,200,1,0.15,3,15,100,,84,0,72,44,0.42
176,0,99,kampung,0.35,0.2,1,200,1,0.15,3,15,100,,25,0,134,41,0.125
177,0,99,kampung,0.35,0.2,1,200,1,0.15,3,15,100,,105,0,71,24,0.525
178,0,99,kampung,0.35,0.2,1,200,1,0.15,3,15,100,,123,0,43,34,0.615
179,0,99,kampung,0.35,0.2,1,200,1,0.15,3,15,100,,104,0,59,37,0.52
180,0,99,mixed,0.25,0.1,0,200,1,0.15,3,15,100,,26,0,63,111,0.13
181,0,99,mixed,0.25,0.1,0,200,1,0.15,3,15,100,,12,0,76,112,0.06
182,0,99,mixed,0.25,0.1,0,200,1,0.15,3,15,100,,15,0,65,120,0.075
183,0,99,mixed,0.25,0.1,0,200,1,0.15,3,15,100,,15,0,82,103,0.075
184,0,99,mixed,0.25,0.1,0,200,1,0.15,3,15,100,,14,0,75,111,0.07
185,0,99,mixed,0.25,0.1,0,200,1,0.15,3,15,100,,24,0,59,117,0.12
186,0,99,mixed,0.25,0.1,0,200,1,0.15,3,15,100,,19,0,73,108,0.095
187,0,99,mixed,0.25,0.1,0,200,1,0.15,3,15,100,,17,0,70,113,0.085
188,0,99,mixed,0.25,0.1,0,200,1,0.15,3,15,100,,18,0,71,111,0.09
189,0,99,mixed,0.25,0.1,0,200,1,0.15,3,15,100,,19,0,84,97,0.095
190,0,99,mixed,0.25,0.1,1,200,1,0.15,3,15,100,,10,0,89,101,0.05
191,0,99,mixed,0.25,0.1,1,200,1,0.15,3,15,100,,18,0,81,101,0.09
192,0,99,mixed,0.25,0.1,1,200,1,0.15,3,15,100,,9,0,85,106,0.045
193,0,99,mixed,0.25,0.1,1,200,1,0.15,3,15,100,,10,0,79,111,0.05
194,0,99,mixed,0.25,0.1,1,200,1,0.15,3,15,100,,17,0,74,109,0.085
195,0,99,mixed,0.25,0.1,1,200,1,0.15,3,15,100,,7,0,81,112,0.035
196,0,99,mixed,0.25,0.1,1,200,1,0.15,3,15,100,,12,0,71,117,0.06
197,0,99,mixed,0.25,0.1,1,200,1,0.15,3,15,100,,17,0,70,113,0.085
198,0,99,mixed,0.25,0.1,1,200,1,0.15,3,15,100,,15,0,77,108,0.075
199,0,99,mixed,0.25,0.1,1,200,1,0.15,3,15,100,,15,0,77,108,0.075
200,0,99,mixed,0.25,0.15,0,200,1,0.15,3,15,100,,24,0,72,104,0.12
201,0,99,mixed,0.25,0.15,0,200,1,0.15,3,15,100,,47,0,53,100,0.235
202,0,99,mixed,0.25,0.15,0,200,1,0.15,3,15,100,,44,0,60,96,0.22
203,0,99,mixed,0.25,0.15,0,200,1,0.15,3,15,100,,57,0,42,101,0.285
204,0,99,mixed,0.25,0.15,0,200,1,0.15,3,15,100,,33,0,49,118,0.165
205,0,99,mixed,0.25,0.15,0,200,1,0.15,3,15,100,,23,0,57,120,0.115
206,0,99,mixed,0.25,0.15,0,200,1,0.15,3,15,100,,30,0,58,112,0.15
207,0,99,mixed,0.25,0.15,0,200,1,0.15,3,15,100,,33,0,45,122,0.165
208,0,99,mixed,0.25,0.15,0,200,1,0.15,3,15,100,,22,0,67,111,0.11
209,0,99,mixed,0.25,0.15,0,200,1,0.15,3,15,100,,32,0,54,114,0.16
210,0,99,mixed,0.25,0.15,1,200,1,0.15,3,15,100,,32,0,66,102,0.16
211,0,99,mixed,0.25,0.15,1,200,1,0.15,3,15,100,,20,0,81,99,0.1
212,0,99,mixed,0.25,0.15,1,200,1,0.15,3,15,100,,20,0,66,114,0.1
213,0,99,mixed,0.25,0.15,1,200,1,0.15,3,15,100,,32,0,53,115,0.16
214,0,99,mixed,0.25,0.15,1,200,1,0.15,3,15,100,,103,0,1,96,0.515
215,0,99,mixed,0.25,0.15,1,200,1,0.15,3,15,100,,19,0,73,108,0.095
216,0,99,mixed,0.25,0.15,1,200,1,0.15,3,15,100,,22,0,55,123,0.11
217,0,99,mixed,0.25,0.15,1,200,1,0.15,3,15,100,,34,0,56,110,0.17
218,0,99,mixed,0.25,0.15,1,200,1,0.15,3,15,100,,18,0,71,111,0.09
219,0,99,mixed,0.25,0.15,1,200,1,0.15,3,15,100,,16,0,71,113,0.08
220,0,99,mixed,0.25,0.2,0,200,1,0.15,3,15,100,,48,0,53,99,0.24
221,0,99,mixed,0.25,0.2,0,200,1,0.15,3,15,100,,30,0,55,115,0.15
222,0,99,mixed,0.25,0.2,0,200,1,0.15,3,15,100,,35,0,54,111,0.175
223,0,99,mixed,0.25,0.2,0,200,1,0.15,3,15,100,,41,0,46,113,0.205
224,0,99,mixed,0.25,0.2,0,200,1,0.15,3,15,100,,34,0,50,116,0.17
225,0,99,mixed,0.25,0.2,0,200,1,0.15,3,15,100,,30,0,59,111,0.15
226,0,99,mixed,0.25,0.2,0,200,1,0.15,3,15,100,,18,0,58,124,0.09
227,0,99,mixed,0.25,0.2,0,200,1,0.15,3,15,100,,58,0,32,110,0.29
228,0,99,mixed,0.25,0.2,0,200,1,0.15,3,15,100,,26,0,57,117,0.13
229,0,99,mixed,0.25,0.2,0,200,1,0.15,3,15,100,,48,0,48,104,0.24
230,0,99,mixed,0.25,0.2,1,200,1,0.15,3,15,100,,24,0,64,112,0.12
231,0,99,mixed,0.25,0.2,1,200,1,0.15,3,15,100,,67,0,23,110,0.335
232,0,99,mixed,0.25,0.2,1,200,1,0.15,3,15,100,,28,0,60,112,0.14
233,0,99,mixed,0.25,0.2,1,200,1,0.15,3,15,100,,25,0,58,117,0.125
234,0,99,mixed,0.25,0.2,1,200,1,0.15,3,15,100,,52,0,45,103,0.26
235,0,99,mixed,0.25,0.2,1,200,1,0.15,3,15,100,,35,0,53,112,0.175
236,0,99,mixed,0.25,0.2,1,200,1,0.15,3,15,100,,20,0,53,127,0.1
237,0,99,mixed,0.25,0.2,1,200,1,0.15,3,15,100,,24,0,72,104,0.12
238,0,99,mixed,0.25,0.2,1,200,1,0.15,3,15,100,,28,0,66,106,0.14
239,0,99,mixed,0.25,0.2,1,200,1,0.15,3,15,100,,25,0,56,119,0.125
240,0,99,mixed,0.3,0.1,0,200,1,0.15,3,15,100,,3,0,84,113,0.015
241,0,99,mixed,0.3,0.1,0,200,1,0.15,3,15,100,,11,0,78,111,0.055
242,0,99,mixed,0.3,0.1,0,200,1,0.15,3,15,100,,1,0,83,116,0.005
243,0,99,mixed,0.3,0.1,0,200,1,0.15,3,15,100,,10,0,83,107,0.05
244,0,99,mixed,0.3,0.1,0,200,1,0.15,3,15,100,,6,0,93,101,0.03
245,0,99,mixed,0.3,0.1,0,200,1,0.15,3,15,100,,14,0,74,112,0.07
246,0,99,mixed,0.3,0.1,0,200,1,0.15,3,15,100,,6,0,82,112,0.03
247,0,99,mixed,0.3,0.1,0,200,1,0.15,3,15,100,,10,0,87,103,0.05
248,0,99,mixed,0.3,0.1,0,200,1,0.15,3,15,100,,5,0,95,100,0.025
249,0,99,mixed,0.3,0.1,0,200,1,0.15,3,15,100,,4,0,98,98,0.02
250,0,99,mixed,0.3,0.1,1,200,1,0.15,3,15,100,,5,0,91,104,0.025
251,0,99,mixed,0.3,0.1,1,200,1,0.15,3,15,100,,2,0,97,101,0.01
252,0,99,mixed,0.3,0.1,1,200,1,0.15,3,15,100,,6,0,90,104,0.03
253,0,99,mixed,0.3,0.1,1,200,1,0.15,3,15,100,,2,0,84,114,0.01
254,0,99,mixed,0.3,0.1,1,200,1,0.15,3,15,100,,4,0,85,111,0.02
255,0,99,mixed,0.3,0.1,1,200,1,0.15,3,15,100,,2,0,95,103,0.01
256,0,99,mixed,0.3,0.1,1,200,1,0.15,3,15,100,,10,0,87,103,0.05
257,0,99,mixed,0.3,0.1,1,200,1,0.15,3,15,100,,5,0,87,108,0.025
258,0,99,mixed,0.3,0.1,1,200,1,0.15,3,15,100,,9,0,73,118,0.045
259,0,99,mixed,0.3,0.1,1,200,1,0.15,3,15,100,,11,0,78,111,0.055
260,0,99,mixed,0.3,0.15,0,200,1,0.15,3,15,100,,19,0,70,111,0.095
261,0,99,mixed,0.3,0.15,0,200,1,0.15,3,15,100,,22,0,66,112,0.11
262,0,99,mixed,0.3,0.15,0,200,1,0.15,3,15,100,,29,0,64,107,0.145
263,0,99,mixed,0.3,0.15,0,200,1,0.15,3,15,100,,15,0,64,121,0.075
264,0,99,mixed,0.3,0.15,0,200,1,0.15,3,15,100,,20,0,62,118,0.1
265,0,99,mixed,0.3,0.15,0,200,1,0.15,3,15,100,,19,0,74,107,0.095
266,0,99,mixed,0.3,0.15,0,200,1,0.15,3,15,100,,21,0,69,110,0.105
267,0,99,mixed,0.3,0.15,0,200,1,0.15,3,15,100,,18,0,70,112,0.09
268,0,99,mixed,0.3,0.15,0,200,1,0.15,3,15,100,,25,0,60,115,0.125
269,0,99,mixed,0.3,0.15,0,200,1,0.15,3,15,100,,15,0,72,113,0.075
270,0,99,mixed,0.3,0.15,1,200,1,0.15,3,15,100,,4,0,73,123,0.02
271,0,99,mixed,0.3,0.15,1,200,1,0.15,3,15,100,,17,0,86,97,0.085
272,0,99,mixed,0.3,0.15,1,200,1,0.15,3,15,100,,14,0,67,119,0.07
273,0,99,mixed,0.3,0.15,1,200,1,0.15,3,15,100,,13,0,80,107,0.065
274,0,99,mixed,0.3,0.15,1,200,1,0.15,3,15,100,,21,0,67,112,0.105
275,0,99,mixed,0.3,0.15,1,200,1,0.15,3,15,100,,13,0,81,106,0.065
276,0,99,mixed,0.3,0.15,1,200,1,0.15,3,15,100,,12,0,78,110,0.06
277,0,99,mixed,0.3,0.15,1,200,1,0.15,3,15,100,,15,0,73,112,0.075
278,0,99,mixed,0.3,0.15,1,200,1,0.15,3,15,100,,12,0,89,99,0.06
279,0,99,mixed,0.3,0.15,1,200,1,0.15,3,15,100,,10,0,66,124,0.05
280,0,99,mixed,0.3,0.2,0,200,1,0.15,3,15,100,,38,0,47,115,0.19
281,0,99,mixed,0.3,0.2,0,200,1,0.15,3,15,100,,25,0,61,114,0.125
282,0,99,mixed,0.3,0.2,0,200,1,0.15,3,15,100,,32,0,70,98,0.16
283,0,99,mixed,0.3,0.2,0,200,1,0.15,3,15,100,,38,0,47,115,0.19
284,0,99,mixed,0.3,0.2,0,200,1,0.15,3,15,100,,25,0,69,106,0.125
285,0,99,mixed,0.3,0.2,0,200,1,0.15,3,15,100,,24,0,56,120,0.12
286,0,99,mixed,0.3,0.2,0,200,1,0.15,3,15,100,,27,0,72,101,0.135
287,0,99,mixed,0.3,0.2,0,200,1,0.15,3,15,100,,18,0,75,107,0.09
288,0,99,mixed,0.3,0.2,0,200,1,0.15,3,15,100,,35,0,63,102,0.175
289,0,99,mixed,0.3,0.2,0,200,1,0.15,3,15,100,,23,0,67,110,0.115
290,0,99,mixed,0.3,0.2,1,200,1,0.15,3,15,100,,21,0,67,112,0.105
291,0,99,mixed,0.3,0.2,1,200,1,0.15,3,15,100,,24,0,59,117,0.12
292,0,99,mixed,0.3,0.2,1,200,1,0.15,3,15,100,,27,0,64,109,0.135
293,0,99,mixed,0.3,0.2,1,200,1,0.15,3,15,100,,12,0,69,119,0.06
294,0,99,mixed,0.3,0.2,1,200,1,0.15,3,15,100,,16,0,69,115,0.08
295,0,99,mixed,0.3,0.2,1,200,1,0.15,3,15,100,,27,0,67,106,0.135
296,0,99,mixed,0.3,0.2,1,200,1,0.15,3,15,100,,21,0,55,124,0.105
297,0,99,mixed,0.3,0.2,1,200,1,0.15,3,15,100,,24,0,72,104,0.12
298,0,99,mixed,0.3,0.2,1,200,1,0.15,3,15,100,,15,0,75,110,0.075
299,0,99,mixed,0.3,0.2,1,200,1,0.15,3,15,100,,28,0,65,107,0.14
300,0,99,mixed,0.35,0.1,0,200,1,0.15,3,15,100,,4,0,83,113,0.02
301,0,99,mixed,0.35,0.1,0,200,1,0.15,3,15,100,,6,0,88,106,0.03
302,0,99,mixed,0.35,0.1,0,200,1,0.15,3,15,100,,1,0,96,103,0.005
303,0,99,mixed,0.35,0.1,0,200,1,0.15,3,15,100,,2,0,93,105,0.01
304,0,99,mixed,0.35,0.1,0,200,1,0.15,3,15,100,,1,0,90,109,0.005
305,0,99,mixed,0.35,0.1,0,200,1,0.15,3,15,100,,2,0,98,100,0.01
306,0,99,mixed,0.35,0.1,0,200,1,0.15,3,15,100,,2,0,87,111,0.01
307,0,99,mixed,0.35,0.1,0,200,1,0.15,3,15,100,,5,0,84,111,0.025
308,0,99,mixed,0.35,0.1,0,200,1,0.15,3,15,100,,3,0,83,114,0.015
309,0,99,mixed,0.35,0.1,0,200,1,0.15,3,15,100,,4,0,81,115,0.02
310,0,99,mixed,0.35,0.1,1,200,1,0.15,3,15,100,,3,0,84,113,0.015
311,0,99,mixed,0.35,0.1,1,200,1,0.15,3,15,100,,2,0,98,100,0.01
312,0,99,mixed,0.35,0.1,1,200,1,0.15,3,15,100,,3,0,90,107,0.015
313,0,99,mixed,0.35,0.1,1,200,1,0.15,3,15,100,,5,0,81,114,0.025
314,0,99,mixed,0.35,0.1,1,200,1,0.15,3,15,100,,1,0,87,112,0.005
315,0,99,mixed,0.35,0.1,1,200,1,0.15,3,15,100,,2,0,80,118,0.01
316,0,99,mixed,0.35,0.1,1,200,1,0.15,3,15,100,,1,0,79,120,0.005
317,0,99,mixed,0.35,0.1,1,200,1,0.15,3,15,100,,6,0,81,113,0.03
318,0,99,mixed,0.35,0.1,1,200,1,0.15,3,15,100,,0,0,91,109,0.0
319,0,99,mixed,0.35,0.1,1,200,1,0.15,3,15,100,,2,0,93,105,0.01
320,0,99,mixed,0.35,0.15,0,200,1,0.15,3,15,100,,10,0,85,105,0.05
321,0,99,mixed,0.35,0.15,0,200,1,0.15,3,15,100,,17,0,67,116,0.085
322,0,99,mixed,0.35,0.15,0,200,1,0.15,3,15,100,,12,0,74,114,0.06
323,0,99,mixed,0.35,0.15,0,200,1,0.15,3,15,100,,7,0,81,112,0.035
324,0,99,mixed,0.35,0.15,0,200,1,0.15,3,15,100,,7,0,86,107,0.035
325,0,99,mixed,0.35,0.15,0,200,1,0.15,3,15,100,,6,0,85,109,0.03
326,0,99,mixed,0.35,0.15,0,200,1,0.15,3,15,100,,8,0,80,112,0.04
327,0,99,mixed,0.35,0.15,0,200,1,0.15,3,15,100,,7,0,86,107,0.035
328,0,99,mixed,0.35,0.15,0,200,1,0.15,3,15,100,,9,0,82,109,0.045
329,0,99,mixed,0.35,0.15,0,200,1,0.15,3,15,100,,18,0,86,96,0.09
330,0,99,mixed,0.35,0.15,1,200,1,0.15,3,15,100,,10,0,84,106,0.05
331,0,99,mixed,0.35,0.15,1,200,1,0.15,3,15,100,,6,0,80,114,0.03
332,0,99,mixed,0.35,0.15,1,200,1,0.15,3,15,100,,9,0,80,111,0.045
333,0,99,mixed,0.35,0.15,1,200,1,0.15,3,15,100,,9,0,84,107,0.045
334,0,99,mixed,0.35,0.15,1,200,1,0.15,3,15,100,,5,0,90,105,0.025
335,0,99,mixed,0.35,0.15,1,200,1,0.15,3,15,100,,12,0,70,118,0.06
336,0,99,mixed,0.35,0.15,1,200,1,0.15,3,15,100,,8,0,84,108,0.04
337,0,99,mixed,0.35,0.15,1,200,1,0.15,3,15,100,,4,0,85,111,0.02
338,0,99,mixed,0.35,0.15,1,200,1,0.15,3,15,100,,7,0,77,116,0.035
339,0,99,mixed,0.35,0.15,1,200,1,0.15,3,15,100,,10,0,82,108,0.05
340,0,99,mixed,0.35,0.2,0,200,1,0.15,3,15,100,,42,0,67,91,0.21
341,0,99,mixed,0.35,0.2,0,200,1,0.15,3,15,100,,16,0,62,122,0.08
342,0,99,mixed,0.35,0.2,0,200,1,0.15,3,15,100,,27,0,66,107,0.135
343,0,99,mixed,0.35,0.2,0,200,1,0.15,3,15,100,,17,0,58,125,0.085
344,0,99,mixed,0.35,0.2,0,200,1,0.15,3,15,100,,20,0,67,113,0.1
345,0,99,mixed,0.35,0.2,0,200,1,0.15,3,15,100,,14,0,79,107,0.07
346,0,99,mixed,0.35,0.2,0,200,1,0.15,3,15,100,,16,0,79,105,0.08
347,0,99,mixed,0.35,0.2,0,200,1,0.15,3,15,100,,20,0,65,115,0.1
348,0,99,mixed,0.35,0.2,0,200,1,0.15,3,15,100,,13,0,74,113,0.065
349,0,99,mixed,0.35,0.2,0,200,1,0.15,3,15,100,,15,0,69,116,0.075
350,0,99,mixed,0.35,0.2,1,200,1,0.15,3,15,100,,16,0,74,110,0.08
351,0,99,mixed,0.35,0.2,1,200,1,0.15,3,15,100,,12,0,77,111,0.06
352,0,99,mixed,0.35,0.2,1,200,1,0.15,3,15,100,,19,0,77,104,0.095
353,0,99,mixed,0.35,0.2,1,200,1,0.15,3,15,100,,15,0,64,121,0.075
354,0,99,mixed,0.35,0.2,1,200,1,0.15,3,15,100,,19,0,74,107,0.095
355,0,99,mixed,0.35,0.2,1,200,1,0.15,3,15,100,,13,0,81,106,0.065
356,0,99,mixed,0.35,0.2,1,200,1,0.15,3,15,100,,11,0,60,129,0.055
357,0,99,mixed,0.35,0.2,1,200,1,0.15,3,15,100,,14,0,76,110,0.07
358,0,99,mixed,0.35,0.2,1,200,1,0.15,3,15,100,,14,0,72,114,0.07
359,0,99,mixed,0.35,0.2,1,200,1,0.15,3,15,100,,11,0,76,113,0.055
360,0,99,open,0.25,0.1,0,200,1,0.15,3,15,100,,9,0,23,168,0.045
361,0,99,open,0.25,0.1,0,200,1,0.15,3,15,100,,10,0,32,158,0.05
362,0,99,open,0.25,0.1,0,200,1,0.15,3,15,100,,4,0,28,168,0.02
363,0,99,open,0.25,0.1,0,200,1,0.15,3,15,100,,6,0,26,168,0.03
364,0,99,open,0.25,0.1,0,200,1,0.15,3,15,100,,4,0,22,174,0.02
365,0,99,open,0.25,0.1,0,200,1,0.15,3,15,100,,2,0,20,178,0.01
366,0,99,open,0.25,0.1,0,200,1,0.15,3,15,100,,4,0,29,167,0.02
367,0,99,open,0.25,0.1,0,200,1,0.15,3,15,100,,4,0,30,166,0.02
368,0,99,open,0.25,0.1,0,200,1,0.15,3,15,100,,7,0,25,168,0.035
369,0,99,open,0.25,0.1,0,200,1,0.15,3,15,100,,3,0,27,170,0.015
370,0,99,open,0.25,0.1,1,200,1,0.15,3,15,100,,5,0,19,176,0.025
371,0,99,open,0.25,0.1,1,200,1,0.15,3,15,100,,6,0,26,168,0.03
372,0,99,open,0.25,0.1,1,200,1,0.15,3,15,100,,5,0,32,163,0.025
373,0,99,open,0.25,0.1,1,200,1,0.15,3,15,100,,5,0,22,173,0.025
374,0,99,open,0.25,0.1,1,200,1,0.15,3,15,100,,3,0,26,171,0.015
375,0,99,open,0.25,0.1,1,200,1,0.15,3,15,100,,5,0,13,182,0.025
376,0,99,open,0.25,0.1,1,200,1,0.15,3,15,100,,1,0,20,179,0.005
377,0,99,open,0.25,0.1,1,200,1,0.15,3,15,100,,3,0,25,172,0.015
378,0,99,open,0.25,0.1,1,200,1,0.15,3,15,100,,3,0,31,166,0.015
379,0,99,open,0.25,0.1,1,200,1,0.15,3,15,100,,9,0,26,165,0.045
380,0,99,open,0.25,0.15,0,200,1,0.15,3,15,100,,6,0,27,167,0.03
381,0,99,open,0.25,0.15,0,200,1,0.15,3,15,100,,10,0,19,171,0.05
382,0,99,open,0.25,0.15,0,200,1,0.15,3,15,100,,6,0,18,176,0.03
383,0,99,open,0.25,0.15,0,200,1,0.15,3,15,100,,10,0,17,173,0.05
384,0,99,open,0.25,0.15,0,200,1,0.15,3,15,100,,6,0,29,165,0.03
385,0,99,open,0.25,0.15,0,200,1,0.15,3,15,100,,9,0,24,167,0.045
386,0,99,open,0.25,0.15,0,200,1,0.15,3,15,100,,8,0,29,163,0.04
387,0,99,open,0.25,0.15,0,200,1,0.15,3,15,100,,9,0,25,166,0.045
388,0,99,open,0.25,0.15,0,200,1,0.15,3,15,100,,10,0,27,163,0.05
389,0,99,open,0.25,0.15,0,200,1,0.15,3,15,100,,9,0,23,168,0.045
390,0,99,open,0.25,0.15,1,200,1,0.15,3,15,100,,8,0,23,169,0.04
391,0,99,open,0.25,0.15,1,200,1,0.15,3,15,100,,7,0,20,173,0.035
392,0,99,open,0.25,0.15,1,200,1,0.15,3,15,100,,2,0,10,188,0.01
393,0,99,open,0.25,0.15,1,200,1,0.15,3,15,100,,7,0,25,168,0.035
394,0,99,open,0.25,0.15,1,200,1,0.15,3,15,100,,7,0,19,174,0.035
395,0,99,open,0.25,0.15,1,200,1,0.15,3,15,100,,6,0,18,176,0.03
396,0,99,open,0.25,0.15,1,200,1,0.15,3,15,100,,7,0,23,170,0.035
397,0,99,open,0.25,0.15,1,200,1,0.15,3,15,100,,6,0,23,171,0.03
398,0,99,open,0.25,0.15,1,200,1,0.15,3,15,100,,5,0,20,175,0.025
399,0,99,open,0.25,0.15,1,200,1,0.15,3,15,100,,8,0,22,170,0.04
400,0,99,open,0.25,0.2,0,200,1,0.15,3,15,100,,11,0,19,170,0.055
401,0,99,open,0.25,0.2,0,200,1,0.15,3,15,100,,4,0,21,175,0.02
402,0,99,open,0.25,0.2,0,200,1,0.15,3,15,100,,13,0,18,169,0.065
403,0,99,open,0.25,0.2,0,200,1,0.15,3,15,100,,9,0,20,171,0.045
404,0,99,open,0.25,0.2,0,200,1,0.15,3,15,100,,6,0,24,170,0.03
405,0,99,open,0.25,0.2,0,200,1,0.15,3,15,100,,14,0,22,164,0.07
406,0,99,open,0.25,0.2,0,200,1,0.15,3,15,100,,16,0,24,160,0.08
407,0,99,open,0.25,0.2,0,200,1,0.15,3,15,100,,8,0,17,175,0.04
408,0,99,open,0.25,0.2,0,200,1,0.15,3,15,100,,12,0,20,168,0.06
409,0,99,open,0.25,0.2,0,200,1,0.15,3,15,100,,11,0,20,169,0.055
410,0,99,open,0.25,0.2,1,200,1,0.15,3,15,100,,9,0,21,170,0.045
411,0,99,open,0.25,0.2,1,200,1,0.15,3,15,100,,8,0,18,174,0.04
412,0,99,open,0.25,0.2,1,200,1,0.15,3,15,100,,15,0,17,168,0.075
413,0,99,open,0.25,0.2,1,200,1,0.15,3,15,100,,11,0,23,166,0.055
414,0,99,open,0.25,0.2,1,200,1,0.15,3,15,100,,10,0,15,175,0.05
415,0,99,open,0.25,0.2,1,200,1,0.15,3,15,100,,6,0,28,166,0.03
416,0,99,open,0.25,0.2,1,200,1,0.15,3,15,100,,8,0,28,164,0.04
417,0,99,open,0.25,0.2,1,200,1,0.15,3,15,100,,9,0,20,171,0.045
418,0,99,open,0.25,0.2,1,200,1,0.15,3,15,100,,13,0,26,161,0.065
419,0,99,open,0.25,0.2,1,200,1,0.15,3,15,100,,10,0,19,171,0.05
420,0,99,open,0.3,0.1,0,200,1,0.15,3,15,100,,5,0,28,167,0.025
421,0,99,open,0.3,0.1,0,200,1,0.15,3,15,100,,4,0,22,174,0.02
422,0,99,open,0.3,0.1,0,200,1,0.15,3,15,100,,0,0,26,174,0.0
423,0,99,open,0.3,0.1,0,200,1,0.15,3,15,100,,1,0,31,168,0.005
424,0,99,open,0.3,0.1,0,200,1,0.15,3,15,100,,1,0,39,160,0.005
425,0,99,open,0.3,0.1,0,200,1,0.15,3,15,100,,2,0,21,177,0.01
426,0,99,open,0.3,0.1,0,200,1,0.15,3,15,100,,3,0,24,173,0.015
427,0,99,open,0.3,0.1,0,200,1,0.15,3,15,100,,3,0,21,176,0.015
428,0,99,open,0.3,0.1,0,200,1,0.15,3,15,100,,2,0,39,159,0.01
429,0,99,open,0.3,0.1,0,200,1,0.15,3,15,100,,1,0,25,174,0.005
430,0,99,open,0.3,0.1,1,200,1,0.15,3,15,100,,1,0,29,170,0.005
431,0,99,open,0.3,0.1,1,200,1,0.15,3,15,100,,0,0,26,174,0.0
432,0,99,open,0.3,0.1,1,200,1,0.15,3,15,100,,0,0,26,174,0.0
433,0,99,open,0.3,0.1,1,200,1,0.15,3,15,100,,5,0,28,167,0.025
434,0,99,open,0.3,0.1,1,200,1,0.15,3,15,100,,2,0,28,170,0.01
435,0,99,open,0.3,0.1,1,200,1,0.15,3,15,100,,2,0,26,172,0.01
436,0,99,open,0.3,0.1,1,200,1,0.15,3,15,100,,0,0,29,171,0.0
437,0,99,open,0.3,0.1,1,200,1,0.15,3,15,100,,3,0,25,172,0.015
438,0,99,open,0.3,0.1,1,200,1,0.15,3,15,100,,2,0,32,166,0.01
439,0,99,open,0.3,0.1,1,200,1,0.15,3,15,100,,2,0,29,169,0.01
440,0,99,open,0.3,0.15,0,200,1,0.15,3,15,100,,5,0,20,175,0.025
441,0,99,open,0.3,0.15,0,200,1,0.15,3,15,100,,6,0,14,180,0.03
442,0,99,open,0.3,0.15,0,200,1,0.15,3,15,100,,6,0,25,169,0.03
443,0,99,open,0.3,0.15,0,200,1,0.15,3,15,100,,9,0,21,170,0.045
444,0,99,open,0.3,0.15,0,200,1,0.15,3,15,100,,6,0,23,171,0.03
445,0,99,open,0.3,0.15,0,200,1,0.15,3,15,100,,3,0,28,169,0.015
446,0,99,open,0.3,0.15,0,200,1,0.15,3,15,100,,4,0,23,173,0.02
447,0,99,open,0.3,0.15,0,200,1,0.15,3,15,100,,4,0,23,173,0.02
448,0,99,open,0.3,0.15,0,200,1,0.15,3,15,100,,2,0,31,167,0.01
449,0,99,open,0.3,0.15,0,200,1,0.15,3,15,100,,4,0,26,170,0.02
450,0,99,open,0.3,0.15,1,200,1,0.15,3,15,100,,1,0,28,171,0.005
451,0,99,open,0.3,0.15,1,200,1,0.15,3,15,100,,5,0,26,169,0.025
452,0,99,open,0.3,0.15,1,200,1,0.15,3,15,100,,6,0,33,161,0.03
453,0,99,open,0.3,0.15,1,200,1,0.15,3,15,100,,5,0,24,171,0.025
454,0,99,open,0.3,0.15,1,200,1,0.15,3,15,100,,7,0,22,171,0.035
455,0,99,open,0.3,0.15,1,200,1,0.15,3,15,100,,5,0,22,173,0.025
456,0,99,open,0.3,0.15,1,200,1,0.15,3,15,100,,2,0,25,173,0.01
457,0,99,open,0.3,0.15,1,200,1,0.15,3,15,100,,5,0,25,170,0.025
458,0,99,open,0.3,0.15,1,200,1,0.15,3,15,100,,4,0,15,181,0.02
459,0,99,open,0.3,0.15,1,200,1,0.15,3,15,100,,3,0,30,167,0.015
460,0,99,open,0.3,0.2,0,200,1,0.15,3,15,100,,7,0,21,172,0.035
461,0,99,open,0.3,0.2,0,200,1,0.15,3,15,100,,5,0,19,176,0.025
462,0,99,open,0.3,0.2,0,200,1,0.15,3,15,100,,6,0,18,176,0.03
463,0,99,open,0.3,0.2,0,200,1,0.15,3,15,100,,6,0,21,173,0.03
464,0,99,open,0.3,0.2,0,200,1,0.15,3,15,100,,7,0,25,168,0.035
465,0,99,open,0.3,0.2,0,200,1,0.15,3,15,100,,7,0,20,173,0.035
466,0,99,open,0.3,0.2,0,200,1,0.15,3,15,100,,8,0,18,174,0.04
467,0,99,open,0.3,0.2,0,200,1,0.15,3,15,100,,4,0,21,175,0.02
468,0,99,open,0.3,0.2,0,200,1,0.15,3,15,100,,11,0,20,169,0.055
469,0,99,open,0.3,0.2,0,200,1,0.15,3,15,100,,3,0,32,165,0.015
470,0,99,open,0.3,0.2,1,200,1,0.15,3,15,100,,8,0,29,163,0.04
471,0,99,open,0.3,0.2,1,200,1,0.15,3,15,100,,6,0,20,174,0.03
472,0,99,open,0.3,0.2,1,200,1,0.15,3,15,100,,8,0,21,171,0.04
473,0,99,open,0.3,0.2,1,200,1,0.15,3,15,100,,7,0,25,168,0.035
474,0,99,open,0.3,0.2,1,200,1,0.15,3,15,100,,9,0,18,173,0.045
475,0,99,open,0.3,0.2,1,200,1,0.15,3,15,100,,5,0,25,170,0.025
476,0,99,open,0.3,0.2,1,200,1,0.15,3,15,100,,4,0,19,177,0.02
477,0,99,open,0.3,0.2,1,200,1,0.15,3,15,100,,7,0,17,176,0.035
478,0,99,open,0.3,0.2,1,200,1,0.15,3,15,100,,4,0,15,181,0.02
479,0,99,open,0.3,0.2,1,200,1,0.15,3,15,100,,13,0,29,158,0.065
480,0,99,open,0.35,0.1,0,200,1,0.15,3,15,100,,0,0,25,175,0.0
481,0,99,open,0.35,0.1,0,200,1,0.15,3,15,100,,2,0,23,175,0.01
482,0,99,open,0.35,0.1,0,200,1,0.15,3,15,100,,1,0,22,177,0.005
483,0,99,open,0.35,0.1,0,200,1,0.15,3,15,100,,0,0,21,179,0.0
484,0,99,open,0.35,0.1,0,200,1,0.15,3,15,100,,1,0,22,177,0.005
485,0,99,open,0.35,0.1,0,200,1,0.15,3,15,100,,0,0,28,172,0.0
486,0,99,open,0.35,0.1,0,200,1,0.15,3,15,100,,0,0,18,182,0.0
487,0,99,open,0.35,0.1,0,200,1,0.15,3,15,100,,0,0,36,164,0.0
488,0,99,open,0.35,0.1,0,200,1,0.15,3,15,100,,1,0,25,174,0.005
489,0,99,open,0.35,0.1,0,200,1,0.15,3,15,100,,0,0,30,170,0.0
490,0,99,open,0.35,0.1,1,200,1,0.15,3,15,100,,1,0,28,171,0.005
491,0,99,open,0.35,0.1,1,200,1,0.15,3,15,100,,0,0,33,167,0.0
492,0,99,open,0.35,0.1,1,200,1,0.15,3,15,100,,0,0,27,173,0.0
493,0,99,open,0.35,0.1,1,200,1,0.15,3,15,100,,0,0,29,171,0.0
494,0,99,open,0.35,0.1,1,200,1,0.15,3,15,100,,0,0,23,177,0.0
495,0,99,open,0.35,0.1,1,200,1,0.15,3,15,100,,0,0,27,173,0.0
496,0,99,open,0.35,0.1,1,200,1,0.15,3,15,100,,0,0,23,177,0.0
497,0,99,open,0.35,0.1,1,200,1,0.15,3,15,100,,1,0,29,170,0.005
498,0,99,open,0.35,0.1,1,200,1,0.15,3,15,100,,0,0,33,167,0.0
499,0,99,open,0.35,0.1,1,200,1,0.15,3,15,100,,1,0,32,167,0.005
500,0,99,open,0.35,0.15,0,200,1,0.15,3,15,100,,4,0,26,170,0.02
501,0,99,open,0.35,0.15,0,200,1,0.15,3,15,100,,3,0,42,155,0.015
502,0,99,open,0.35,0.15,0,200,1,0.15,3,15,100,,3,0,25,172,0.015
503,0,99,open,0.35,0.15,0,200,1,0.15,3,15,100,,2,0,34,164,0.01
504,0,99,open,0.35,0.15,0,200,1,0.15,3,15,100,,3,0,27,170,0.015
505,0,99,open,0.35,0.15,0,200,1,0.15,3,15,100,,6,0,27,167,0.03
506,0,99,open,0.35,0.15,0,200,1,0.15,3,15,100,,4,0,26,170,0.02
507,0,99,open,0.35,0.15,0,200,1,0.15,3,15,100,,1,0,28,171,0.005
508,0,99,open,0.35,0.15,0,200,1,0.15,3,15,100,,0,0,27,173,0.0
509,0,99,open,0.35,0.15,0,200,1,0.15,3,15,100,,5,0,17,178,0.025
510,0,99,open,0.35,0.15,1,200,1,0.15,3,15,100,,4,0,29,167,0.02
511,0,99,open,0.35,0.15,1,200,1,0.15,3,15,100,,1,0,29,170,0.005
512,0,99,open,0.35,0.15,1,200,1,0.15,3,15,100,,1,0,25,174,0.005
513,0,99,open,0.35,0.15,1,200,1,0.15,3,15,100,,6,0,28,166,0.03
514,0,99,open,0.35,0.15,1,200,1,0.15,3,15,100,,8,0,23,169,0.04
515,0,99,open,0.35,0.15,1,200,1,0.15,3,15,100,,1,0,29,170,0.005
516,0,99,open,0.35,0.15,1,200,1,0.15,3,15,100,,3,0,21,176,0.015
517,0,99,open,0.35,0.15,1,200,1,0.15,3,15,100,,5,0,25,170,0.025
518,0,99,open,0.35,0.15,1,200,1,0.15,3,15,100,,2,0,31,167,0.01
519,0,99,open,0.35,0.15,1,200,1,0.15,3,15,100,,3,0,21,176,0.015
520,0,99,open,0.35,0.2,0,200,1,0.15,3,15,100,,7,0,31,162,0.035
521,0,99,open,0.35,0.2,0,200,1,0.15,3,15,100,,4,0,27,169,0.02
522,0,99,open,0.35,0.2,0,200,1,0.15,3,15,100,,8,0,23,169,0.04
523,0,99,open,0.35,0.2,0,200,1,0.15,3,15,100,,7,0,25,168,0.035
524,0,99,open,0.35,0.2,0,200,1,0.15,3,15,100,,5,0,30,165,0.025
525,0,99,open,0.35,0.2,0,200,1,0.15,3,15,100,,2,0,30,168,0.01
526,0,99,open,0.35,0.2,0,200,1,0.15,3,15,100,,7,0,26,167,0.035
527,0,99,open,0.35,0.2,0,200,1,0.15,3,15,100,,4,0,29,167,0.02
528,0,99,open,0.35,0.2,0,200,1,0.15,3,15,100,,7,0,23,170,0.035
529,0,99,open,0.35,0.2,0,200,1,0.15,3,15,100,,4,0,20,176,0.02
530,0,99,open,0.35,0.2,1,200,1,0.15,3,15,100,,4,0,32,164,0.02
531,0,99,open,0.35,0.2,1,200,1,0.15,3,15,100,,4,0,24,172,0.02
532,0,99,open,0.35,0.2,1,200,1,0.15,3,15,100,,9,0,29,162,0.045
533,0,99,open,0.35,0.2,1,200,1,0.15,3,15,100,,6,0,24,170,0.03
534,0,99,open,0.35,0.2,1,200,1,0.15,3,15,100,,7,0,26,167,0.035
535,0,99,open,0.35,0.2,1,200,1,0.15,3,15,100,,1,0,29,170,0.005
536,0,99,open,0.35,0.2,1,200,1,0.15,3,15,100,,4,0,31,165,0.02
537,0,99,open,0.35,0.2,1,200,1,0.15,3,15,100,,4,0,25,171,0.02
538,0,99,open,0.35,0.2,1,200,1,0.15,3,15,100,,4,0,26,170,0.02
539,0,99,open,0.35,0.2,1,200,1,0.15,3,15,100,,5,0,26,169,0.025
